<?xml version="1.0" encoding="UTF-8"?>
<DocFetchRequest>
  <source>
    <package>
      <header>
        <requestId>requestId</requestId>
        <requestTimeStamp>2001-12-31T12:00:00</requestTimeStamp>
        <parentId>parentId</parentId>
        <templateId>templateId</templateId>
        <productFamily>productFamily</productFamily>
        <testType>FormDeterminationServie</testType>
        <userId>userId</userId>
        <password>password</password>
        <environment>environment</environment>
        <formDetails>
          <formId>formId</formId>
          <formTitle>formTitle</formTitle>
          <formSeq>formSeq</formSeq>
        </formDetails>
        <channel>channel</channel>
        <docId>docId</docId>
        <docPathUrl>docPathUrl</docPathUrl>
      </header>
      <body>
        <MergeDetails>
          <docId>docId</docId>
        </MergeDetails>
        <splitDetails>
          <docId>docId</docId>
          <startPageNo>0</startPageNo>
          <endPageNo>0</endPageNo>
        </splitDetails>
        <lineOfBusiness>Lending</lineOfBusiness>
        <appDetails>
          <fullName>fullName</fullName>
          <addressLine1>addressLine1</addressLine1>
          <addressLine2>addressLine2</addressLine2>
          <zipCode>zipCode</zipCode>
          <phoneNumber>phoneNumber</phoneNumber>
        </appDetails>
        <coappDetails>
          <fullName>fullName</fullName>
          <addressLine1>addressLine1</addressLine1>
          <addressLine2>addressLine2</addressLine2>
          <zipCode>zipCode</zipCode>
          <phoneNumber>phoneNumber</phoneNumber>
        </coappDetails>
      </body>
    </package>
  </source>
</DocFetchRequest>
